{
  "ClassId": 5505,
  "ClassName": null,
  "Date": "20220210-180641",
  "LocalDate": "20220210-100641",
  "GradingProgram": "MandarinsIQTest",
  "GradingProgramId": 87,
  "LaneId": 0,
  "SystemId": "ES41113",
  "TicketNumber": null,
  "EFCs": {
    "1": "Orange_2021.0726.1527_2021.0823.0736.10029.efc",
    "2": "AppleInternalQuality_2021.0212.1411_2021.0408.1704.10024.efc"
  },
  "Results": {
    "1": {
      "MeasureMethodId": 4357,
      "Name": "Diameter",
      "Result": 55.26053477150103,
      "Unit": "mm",
      "Active": true
    },
    "2": {
      "MeasureMethodId": 4381,
      "Name": "User1AreaPercentage",
      "Result": 99.68051301083098,
      "Unit": "",
      "Active": true
    },
    "3": {
      "MeasureMethodId": 4402,
      "Name": "IQ",
      "Result": 86.18476417041887,
      "Unit": "",
      "Active": true
    },
    "4": {
      "MeasureMethodId": 4342,
      "Name": "Weight",
      "Result": null,
      "Unit": "g",
      "Active": false
    },
    "5": {
      "MeasureMethodId": 4343,
      "Name": "CupWeight",
      "Result": null,
      "Unit": "g",
      "Active": false
    },
    "6": {
      "MeasureMethodId": 4344,
      "Name": "RawWeight",
      "Result": null,
      "Unit": "",
      "Active": false
    },
    "7": {
      "MeasureMethodId": 4345,
      "Name": "ReferenceWeight",
      "Result": null,
      "Unit": "g",
      "Active": false
    },
    "8": {
      "MeasureMethodId": 4346,
      "Name": "Lane",
      "Result": null,
      "Unit": "",
      "Active": false
    },
    "9": {
      "MeasureMethodId": 4347,
      "Name": "NrSmallColorSpots",
      "Result": null,
      "Unit": "",
      "Active": false
    },
    "10": {
      "MeasureMethodId": 4348,
      "Name": "NrMouldSpots",
      "Result": null,
      "Unit": "",
      "Active": false
    },
    "11": {
      "MeasureMethodId": 4349,
      "Name": "MouldAreaPercentage",
      "Result": null,
      "Unit": "",
      "Active": false
    },
    "12": {
      "MeasureMethodId": 4350,
      "Name": "NrLightDefectSpots",
      "Result": null,
      "Unit": "",
      "Active": false
    },
    "13": {
      "MeasureMethodId": 4351,
      "Name": "LightDefectAreaPercentage",
      "Result": null,
      "Unit": "",
      "Active": false
    },
    "14": {
      "MeasureMethodId": 4352,
      "Name": "NrDarkDefectSpots",
      "Result": null,
      "Unit": "",
      "Active": false
    },
    "15": {
      "MeasureMethodId": 4353,
      "Name": "DarkDefectAreaPercentage",
      "Result": null,
      "Unit": "",
      "Active": false
    },
    "16": {
      "MeasureMethodId": 4354,
      "Name": "SilverScurfAreaPercentage",
      "Result": null,
      "Unit": "",
      "Active": false
    },
    "17": {
      "MeasureMethodId": 4355,
      "Name": "NrSilverScurfSpots",
      "Result": null,
      "Unit": "",
      "Active": false
    },
    "18": {
      "MeasureMethodId": 4356,
      "Name": "Weight (calculated)",
      "Result": null,
      "Unit": "g",
      "Active": false
    },
    "19": {
      "MeasureMethodId": 4358,
      "Name": "AverageDiameter",
      "Result": null,
      "Unit": "mm",
      "Active": false
    },
    "20": {
      "MeasureMethodId": 4359,
      "Name": "MinimumDiameter",
      "Result": null,
      "Unit": "mm",
      "Active": false
    },
    "21": {
      "MeasureMethodId": 4360,
      "Name": "Length",
      "Result": null,
      "Unit": "mm",
      "Active": false
    },
    "22": {
      "MeasureMethodId": 4361,
      "Name": "AverageLength",
      "Result": null,
      "Unit": "mm",
      "Active": false
    },
    "23": {
      "MeasureMethodId": 4362,
      "Name": "StemColorGreen",
      "Result": null,
      "Unit": "",
      "Active": false
    },
    "24": {
      "MeasureMethodId": 4363,
      "Name": "StemColorBrown",
      "Result": null,
      "Unit": "",
      "Active": false
    },
    "25": {
      "MeasureMethodId": 4364,
      "Name": "StemAreaDefectAreaPercentage",
      "Result": null,
      "Unit": "",
      "Active": false
    },
    "26": {
      "MeasureMethodId": 4365,
      "Name": "Volume (calculated)",
      "Result": null,
      "Unit": "mm³",
      "Active": false
    },
    "27": {
      "MeasureMethodId": 4366,
      "Name": "CreaseAreaPercentage",
      "Result": null,
      "Unit": "",
      "Active": false
    },
    "28": {
      "MeasureMethodId": 4367,
      "Name": "PuffAreaPercentage",
      "Result": null,
      "Unit": "",
      "Active": false
    },
    "29": {
      "MeasureMethodId": 4368,
      "Name": "NrCreaseSpots",
      "Result": null,
      "Unit": "",
      "Active": false
    },
    "30": {
      "MeasureMethodId": 4369,
      "Name": "NrPuffSpots",
      "Result": null,
      "Unit": "",
      "Active": false
    },
    "31": {
      "MeasureMethodId": 4370,
      "Name": "Protrusion",
      "Result": null,
      "Unit": "mm",
      "Active": false
    },
    "32": {
      "MeasureMethodId": 4371,
      "Name": "Double",
      "Result": null,
      "Unit": "%",
      "Active": false
    },
    "33": {
      "MeasureMethodId": 4372,
      "Name": "MouldArea",
      "Result": null,
      "Unit": "mm²",
      "Active": false
    },
    "34": {
      "MeasureMethodId": 4373,
      "Name": "LightDefectArea",
      "Result": null,
      "Unit": "mm²",
      "Active": false
    },
    "35": {
      "MeasureMethodId": 4374,
      "Name": "DarkDefectArea",
      "Result": null,
      "Unit": "mm²",
      "Active": false
    },
    "36": {
      "MeasureMethodId": 4375,
      "Name": "SilverScurfArea",
      "Result": null,
      "Unit": "mm²",
      "Active": false
    },
    "37": {
      "MeasureMethodId": 4376,
      "Name": "StemAreaDefectArea",
      "Result": null,
      "Unit": "mm²",
      "Active": false
    },
    "38": {
      "MeasureMethodId": 4377,
      "Name": "CreaseArea",
      "Result": null,
      "Unit": "mm²",
      "Active": false
    },
    "39": {
      "MeasureMethodId": 4378,
      "Name": "PuffArea",
      "Result": null,
      "Unit": "mm²",
      "Active": false
    },
    "40": {
      "MeasureMethodId": 4379,
      "Name": "NrLabelSpots",
      "Result": null,
      "Unit": "",
      "Active": false
    },
    "41": {
      "MeasureMethodId": 4380,
      "Name": "DisplayAngle",
      "Result": null,
      "Unit": "",
      "Active": false
    },
    "42": {
      "MeasureMethodId": 4382,
      "Name": "User2AreaPercentage",
      "Result": null,
      "Unit": "",
      "Active": false
    },
    "43": {
      "MeasureMethodId": 4383,
      "Name": "User3AreaPercentage",
      "Result": null,
      "Unit": "",
      "Active": false
    },
    "44": {
      "MeasureMethodId": 4384,
      "Name": "User4AreaPercentage",
      "Result": null,
      "Unit": "",
      "Active": false
    },
    "45": {
      "MeasureMethodId": 4385,
      "Name": "User5AreaPercentage",
      "Result": null,
      "Unit": "",
      "Active": false
    },
    "46": {
      "MeasureMethodId": 4386,
      "Name": "ClearRot",
      "Result": null,
      "Unit": "%",
      "Active": false
    },
    "47": {
      "MeasureMethodId": 4387,
      "Name": "StemLength",
      "Result": null,
      "Unit": "mm",
      "Active": false
    },
    "48": {
      "MeasureMethodId": 4388,
      "Name": "MinimumLength",
      "Result": null,
      "Unit": "mm",
      "Active": false
    },
    "49": {
      "MeasureMethodId": 4389,
      "Name": "AverageIntensity",
      "Result": null,
      "Unit": "",
      "Active": false
    },
    "50": {
      "MeasureMethodId": 4390,
      "Name": "AverageNIRIntensity",
      "Result": null,
      "Unit": "",
      "Active": false
    },
    "51": {
      "MeasureMethodId": 4391,
      "Name": "AverageSoftIntensity",
      "Result": null,
      "Unit": "",
      "Active": false
    },
    "52": {
      "MeasureMethodId": 4392,
      "Name": "MinimumSoftIntensity",
      "Result": null,
      "Unit": "",
      "Active": false
    },
    "53": {
      "MeasureMethodId": 4393,
      "Name": "MinimumNIRIntensity",
      "Result": null,
      "Unit": "",
      "Active": false
    },
    "54": {
      "MeasureMethodId": 4394,
      "Name": "MinimumIntensity",
      "Result": null,
      "Unit": "",
      "Active": false
    },
    "55": {
      "MeasureMethodId": 4395,
      "Name": "InternalRedLeverage",
      "Result": null,
      "Unit": "",
      "Active": false
    },
    "56": {
      "MeasureMethodId": 4396,
      "Name": "InternalRedResidual",
      "Result": null,
      "Unit": "",
      "Active": false
    },
    "57": {
      "MeasureMethodId": 4397,
      "Name": "InternalRed",
      "Result": null,
      "Unit": "",
      "Active": false
    },
    "58": {
      "MeasureMethodId": 4398,
      "Name": "_dbg_Leverage",
      "Result": null,
      "Unit": "",
      "Active": false
    },
    "59": {
      "MeasureMethodId": 4399,
      "Name": "_dbg_Residual",
      "Result": null,
      "Unit": "",
      "Active": false
    },
    "60": {
      "MeasureMethodId": 4400,
      "Name": "_dbg_PC1",
      "Result": null,
      "Unit": "",
      "Active": false
    },
    "61": {
      "MeasureMethodId": 4401,
      "Name": "_dbg_MaxValue",
      "Result": null,
      "Unit": "",
      "Active": false
    }
  }
}